{"cameraMode":{"drawMode":0,"name":"Shaded","section":"Shading Mode"},"sceneLighting":true,"audioPlay":false,"sceneViewState":{"showFog":true,"showMaterialUpdate":false,"showSkybox":true,"showFlares":true,"showImageEffects":true,"showParticleSystems":true},"in2DMode":false,"pivot":{"x":1.2803621292114258,"y":-6.811575889587402,"z":-8.227856636047364},"rotation":{"x":0.056672412902116778,"y":0.9383369088172913,"z":-0.2859558165073395,"w":0.18592630326747895},"size":13.918999671936036,"orthographic":false}