{"cameraMode":{"drawMode":0,"name":"Shaded","section":"Shading Mode"},"sceneLighting":true,"audioPlay":false,"sceneViewState":{"showFog":true,"showMaterialUpdate":false,"showSkybox":true,"showFlares":true,"showImageEffects":true,"showParticleSystems":true},"in2DMode":false,"pivot":{"x":-31.850000381469728,"y":7.938814163208008,"z":-19.21873664855957},"rotation":{"x":0.135899618268013,"y":-0.77362060546875,"z":0.17732413113117219,"w":0.5929840207099915},"size":13.918999671936036,"orthographic":false}