{"cameraMode":{"drawMode":0,"name":"Shaded","section":"Shading Mode"},"sceneLighting":true,"audioPlay":false,"sceneViewState":{"showFog":true,"showMaterialUpdate":false,"showSkybox":true,"showFlares":true,"showImageEffects":true,"showParticleSystems":true},"in2DMode":false,"pivot":{"x":0.8184505701065064,"y":-7.362151145935059,"z":5.756998062133789},"rotation":{"x":0.3483528792858124,"y":0.0011095046065747738,"z":-0.00040640035877004266,"w":0.9373762011528015},"size":13.918999671936036,"orthographic":false}